antecedent,consequent,support,confidence,lift
{'P_level=Low'},{'Fertility_rule=Low'},0.112,0.609,3.013
{'Fertility_rule=High'},"{'P_level=High', 'K_level=High'}",0.146,0.702,2.901
"{'P_level=High', 'K_level=High'}",{'Fertility_rule=High'},0.146,0.603,2.901
"{'Fertility_rule=Medium', 'P_level=High', 'N_level=Medium'}",{'K_level=Medium'},0.106,0.815,2.091
"{'N_level=Medium', 'K_level=Medium'}","{'P_level=High', 'Fertility_rule=Medium'}",0.106,0.609,1.991
{'Fertility_rule=Low'},{'N_level=Low'},0.14,0.693,1.969
{'Fertility_rule=High'},{'P_level=High'},0.186,0.894,1.713
"{'P_level=High', 'N_level=Medium', 'K_level=Medium'}",{'Fertility_rule=Medium'},0.106,1.0,1.695
{'Fertility_rule=High'},{'K_level=High'},0.168,0.808,1.676
"{'Fertility_rule=High', 'K_level=High'}",{'P_level=High'},0.146,0.869,1.665
"{'Fertility_rule=High', 'P_level=High'}",{'K_level=High'},0.146,0.785,1.629
"{'P_level=Medium', 'N_level=Medium'}",{'Fertility_rule=Medium'},0.13,0.903,1.53
"{'N_level=Low', 'Fertility_rule=Medium'}",{'P_level=High'},0.164,0.774,1.482
"{'P_level=Medium', 'K_level=High'}",{'Fertility_rule=Medium'},0.136,0.861,1.459
"{'N_level=Medium', 'K_level=Medium'}",{'Fertility_rule=Medium'},0.148,0.851,1.442
"{'P_level=High', 'N_level=Low'}",{'Fertility_rule=Medium'},0.164,0.845,1.433
"{'N_level=Low', 'Fertility_rule=Medium'}",{'K_level=High'},0.144,0.679,1.409
"{'N_level=Low', 'K_level=High'}",{'Fertility_rule=Medium'},0.144,0.818,1.387
"{'P_level=High', 'K_level=Medium'}",{'Fertility_rule=Medium'},0.174,0.813,1.378
"{'Fertility_rule=Medium', 'N_level=Medium', 'K_level=Medium'}",{'P_level=High'},0.106,0.716,1.372
"{'P_level=Medium', 'Fertility_rule=Medium'}",{'N_level=Medium'},0.13,0.613,1.369
"{'P_level=High', 'Fertility_rule=Medium', 'K_level=Medium'}",{'N_level=Medium'},0.106,0.609,1.36
"{'P_level=Medium', 'Fertility_rule=Medium'}",{'K_level=High'},0.136,0.642,1.331
"{'Fertility_rule=Medium', 'K_level=Medium'}",{'P_level=High'},0.174,0.664,1.272
"{'pH_level=Alkaline', 'K_level=Medium'}",{'Fertility_rule=Medium'},0.102,0.75,1.271
{'P_level=Medium'},{'Fertility_rule=Medium'},0.212,0.721,1.222
"{'pH_level=Alkaline', 'P_level=High'}",{'Fertility_rule=Medium'},0.128,0.696,1.179
"{'N_level=Medium', 'K_level=Medium'}",{'P_level=High'},0.106,0.609,1.167
"{'pH_level=Alkaline', 'N_level=Medium'}",{'Fertility_rule=Medium'},0.114,0.687,1.164
{'K_level=Medium'},{'Fertility_rule=Medium'},0.262,0.672,1.139
{'pH_level=Alkaline'},{'Fertility_rule=Medium'},0.238,0.669,1.133
{'N_level=Medium'},{'Fertility_rule=Medium'},0.296,0.661,1.12
"{'pH_level=Alkaline', 'K_level=High'}",{'Fertility_rule=Medium'},0.116,0.659,1.117
"{'pH_level=Acidic', 'K_level=Medium'}",{'Fertility_rule=Medium'},0.112,0.651,1.104
"{'N_level=Medium', 'pH_level=Acidic'}",{'Fertility_rule=Medium'},0.12,0.645,1.093
{'N_level=Low'},{'Fertility_rule=Medium'},0.212,0.602,1.021
